db	rank	path	node_mentions	labels
opt-crypto-tuber-ranked.db	1	docs/plans/2026-06-11-callscore-canonical-master-plan.md	232	Section:230,File:1,Module:1
opt-crypto-tuber-ranked.db	2	docs/frontend-design-spec.md	143	Section:141,File:1,Module:1
opt-crypto-tuber-ranked.db	3	src/scripts/extract-calls-llm.ts	70	Function:34,Variable:25,Interface:6,Type:3,File:1
opt-crypto-tuber-ranked.db	4	src/lib/pipeline.ts	56	Function:30,Interface:10,Variable:10,Type:4,File:1
opt-crypto-tuber-ranked.db	5	docs/global-creator-channel-verification.json	54	Variable:52,File:1,Module:1
opt-crypto-tuber-ranked.db	6	src/lib/ml-verifier.ts	54	Function:32,Variable:11,Interface:5,Type:4,File:1
opt-crypto-tuber-ranked.db	7	src/scripts/backfill-transcripts.ts	51	Function:30,Variable:12,Interface:5,Type:2,File:1
opt-crypto-tuber-ranked.db	8	src/scripts/benchmark-local-extractors.ts	49	Function:27,Variable:9,Interface:6,Type:5,File:1
opt-crypto-tuber-ranked.db	9	callscore-g10-approval-packet/launch-batch/drafts/scorecard_5.json	46	Variable:44,File:1,Module:1
opt-crypto-tuber-ranked.db	10	callscore-g10-approval-packet/launch-batch/drafts/scorecard_3.json	46	Variable:44,File:1,Module:1
opt-crypto-tuber-ranked.db	11	callscore-g10-approval-packet/launch-batch/drafts/scorecard_1.json	46	Variable:44,File:1,Module:1
opt-crypto-tuber-ranked.db	12	callscore-g10-approval-packet/launch-batch/drafts/scorecard_4.json	46	Variable:44,File:1,Module:1
opt-crypto-tuber-ranked.db	13	callscore-g10-approval-packet/launch-batch/drafts/scorecard_2.json	46	Variable:44,File:1,Module:1
opt-crypto-tuber-ranked.db	14	docs/audits/hermes-agentic-workflow-audit.md	45	Section:43,File:1,Module:1
opt-crypto-tuber-ranked.db	15	src/lib/webhooks.ts	45	Function:26,Variable:11,Interface:6,File:1,Module:1
opt-crypto-tuber-ranked.db	16	src/scripts/run-data-pipeline.ts	43	Function:22,Variable:16,Interface:2,File:1,Module:1
opt-crypto-tuber-ranked.db	17	src/lib/self-correction.ts	43	Function:17,Variable:14,Interface:8,Type:2,File:1
opt-crypto-tuber-ranked.db	18	src/scripts/scrape-transcripts-v2.ts	40	Function:27,Interface:8,Type:3,File:1,Module:1
opt-crypto-tuber-ranked.db	19	src/lib/db.ts	39	Function:18,Variable:8,Interface:6,Type:5,File:1
opt-crypto-tuber-ranked.db	20	docs/audits/gemma-production-shadow-sample-fullcover-20260613T155241Z.summary.json	38	Variable:36,File:1,Module:1
opt-crypto-tuber-ranked.db	21	README.md	37	Section:35,File:1,Module:1
opt-crypto-tuber-ranked.db	22	docs/ops/callscore-gtm-agent-registry.json	37	Variable:36,File:1
opt-crypto-tuber-ranked.db	23	src/scripts/match-prices.ts	37	Function:21,Variable:9,Interface:4,File:1,Module:1
opt-crypto-tuber-ranked.db	24	src/scripts/run-continuous-data-pipeline.ts	36	Function:25,Variable:6,Interface:3,File:1,Module:1
opt-crypto-tuber-ranked.db	25	docs/handovers/2026-06-14-hermes-agent-callscore-activation.md	35	Section:33,File:1,Module:1
opt-crypto-tuber-ranked.db	26	src/app/backtest/page.tsx	35	Function:22,Variable:9,Interface:2,File:1,Module:1
opt-crypto-tuber-ranked.db	27	src/lib/portfolio-backtest.ts	34	Function:17,Interface:10,Variable:3,Type:2,File:1
opt-crypto-tuber-ranked.db	28	scripts/windows/run-transcript-collector.ps1	33	Function:31,File:1,Module:1
opt-crypto-tuber-ranked.db	29	callscore-g10-approval-packet/launch-batch/drafts/weekly_digest.json	33	Variable:31,File:1,Module:1
opt-crypto-tuber-ranked.db	30	src/lib/pipeline-stats.ts	33	Function:16,Interface:13,Variable:2,File:1,Module:1
opt-crypto-tuber-ranked.db	31	docs/global-creator-approval-sanity.json	32	Variable:30,File:1,Module:1
opt-crypto-tuber-ranked.db	32	docs/global-creator-firecrawl-search.json	32	Variable:31,Module:1
opt-crypto-tuber-ranked.db	33	src/lib/global-creator-candidates.ts	31	Function:13,Variable:7,Interface:5,Type:4,File:1
opt-crypto-tuber-ranked.db	34	src/scripts/refresh-candles.ts	30	Function:14,Variable:9,Interface:5,File:1,Module:1
opt-crypto-tuber-ranked.db	35	src/scripts/discover-videos-365.ts	30	Function:16,Interface:8,Type:2,File:1,Module:1
opt-crypto-tuber-ranked.db	36	tests/alerts.test.ts	30	Function:11,Variable:10,Interface:6,File:1,Module:1
opt-crypto-tuber-ranked.db	37	src/lib/ml-promotion.ts	29	Function:14,Interface:8,Variable:3,Type:2,File:1
opt-crypto-tuber-ranked.db	38	src/lib/backtest.ts	29	Function:12,Interface:7,Variable:4,Type:2,File:1
opt-crypto-tuber-ranked.db	39	src/scripts/shadow-extract-transcripts.ts	28	Function:12,Variable:11,Interface:2,File:1,Module:1
opt-crypto-tuber-ranked.db	40	src/lib/extraction-validation.ts	28	Function:13,Variable:10,Interface:3,File:1,Module:1
opt-crypto-tuber-ranked.db	41	src/lib/workplane-status.ts	28	Function:19,Interface:6,File:1,Module:1,Type:1
opt-crypto-tuber-ranked.db	42	src/lib/leaderboard-safety.mjs	28	Function:20,Variable:6,File:1,Module:1
opt-crypto-tuber-ranked.db	43	src/app/page.tsx	28	Function:18,Interface:5,Variable:2,File:1,Module:1
opt-crypto-tuber-ranked.db	44	.kilo/skills/file-organizer/SKILL.md	27	Section:25,File:1,Module:1
opt-crypto-tuber-ranked.db	45	CALLSCORE-DATA-PIPELINE-AUDIT-2026-05-01.md	26	Section:24,File:1,Module:1
opt-crypto-tuber-ranked.db	46	src/scripts/callscore-enqueue-server.ts	26	Function:12,Variable:11,File:1,Module:1,Type:1
opt-crypto-tuber-ranked.db	47	docs/superpowers/specs/2026-04-06-crypto-tuber-ranked-design.md	25	Section:23,File:1,Module:1
opt-crypto-tuber-ranked.db	48	callscore-g10-approval-packet/launch-batch/drafts/launch_actions.json	25	Variable:23,File:1,Module:1
opt-crypto-tuber-ranked.db	49	src/scripts/audit-recompute.ts	25	Function:17,Interface:3,Variable:2,File:1,Module:1
opt-crypto-tuber-ranked.db	50	src/scripts/bakeoff-ollama-cloud-models.ts	25	Function:14,Variable:6,Interface:3,File:1,Module:1
opt-crypto-tuber-ranked.db	51	src/lib/auth.ts	25	Function:14,Interface:5,Variable:4,File:1,Module:1
opt-crypto-tuber-ranked.db	52	docs/frontend-build-agent-prompt.md	24	Section:22,File:1,Module:1
opt-crypto-tuber-ranked.db	53	docs/ops/callscore-canonical-env-manifest.md	24	Section:22,File:1,Module:1
opt-crypto-tuber-ranked.db	54	src/scripts/repair-price-at-call.ts	24	Function:13,Interface:5,Variable:4,File:1,Module:1
opt-crypto-tuber-ranked.db	55	tests/self-correction.test.ts	24	Variable:10,Function:7,Interface:5,File:1,Module:1
opt-crypto-tuber-ranked.db	56	src/scripts/discover-videos-rss-api.ts	23	Function:15,Variable:3,Interface:2,File:1,Module:1
opt-crypto-tuber-ranked.db	57	src/scripts/backfill-candles-data-vision.ts	23	Function:15,Variable:4,Interface:2,File:1,Module:1
opt-crypto-tuber-ranked.db	58	src/data/global-creator-sources.json	23	Variable:21,File:1,Module:1
opt-crypto-tuber-ranked.db	59	docs/ops/2026-06-15-x-twitter-public-canary-approval-packet.md	22	Section:20,File:1,Module:1
opt-crypto-tuber-ranked.db	60	src/lib/ai-extraction.ts	22	Function:11,Variable:6,Interface:3,File:1,Module:1
opt-crypto-tuber-ranked.db	61	src/lib/monitoring.ts	22	Function:12,Variable:6,Interface:2,File:1,Module:1
opt-crypto-tuber-ranked.db	62	src/lib/candidate-admission.ts	22	Function:9,Variable:6,Interface:4,File:1,Module:1
opt-crypto-tuber-ranked.db	63	src/lib/api-schemas.ts	22	Variable:16,Function:3,File:1,Module:1,Type:1
opt-crypto-tuber-ranked.db	64	src/app/creator/[handle]/backtest/page.tsx	22	Function:16,Interface:2,Variable:2,File:1,Module:1
opt-crypto-tuber-ranked.db	65	callscore-g10-approval-packet/launch-batch/drafts/creator_page_1.json	21	Variable:19,File:1,Module:1
opt-crypto-tuber-ranked.db	66	callscore-g10-approval-packet/launch-batch/drafts/creator_page_4.json	21	Variable:19,File:1,Module:1
opt-crypto-tuber-ranked.db	67	callscore-g10-approval-packet/launch-batch/drafts/creator_page_2.json	21	Variable:19,File:1,Module:1
opt-crypto-tuber-ranked.db	68	callscore-g10-approval-packet/launch-batch/drafts/creator_page_3.json	21	Variable:19,File:1,Module:1
opt-crypto-tuber-ranked.db	69	callscore-g10-approval-packet/launch-batch/drafts/creator_page_5.json	21	Variable:19,File:1,Module:1
opt-crypto-tuber-ranked.db	70	src/lib/public-methodology.ts	21	Function:9,Type:4,Variable:4,Interface:2,File:1
opt-crypto-tuber-ranked.db	71	src/lib/leaderboard-eligibility.ts	21	Variable:13,Function:5,File:1,Module:1,Interface:1
opt-crypto-tuber-ranked.db	72	docs/specialist-extraction-model-research.md	20	Section:18,File:1,Module:1
opt-crypto-tuber-ranked.db	73	docs/plans/2026-06-12-callscore-growth-intelligence-pack.md	20	Section:18,File:1,Module:1
opt-crypto-tuber-ranked.db	74	src/scripts/callscore-read-api-server.mjs	20	Function:13,Variable:5,File:1,Module:1
opt-crypto-tuber-ranked.db	75	src/lib/whop-access.ts	20	Function:12,Variable:4,Interface:2,File:1,Module:1
opt-crypto-tuber-ranked.db	76	src/lib/workplane-jobs.ts	20	Function:7,Variable:7,Type:3,File:1,Module:1
opt-crypto-tuber-ranked.db	77	src/scripts/transcribe-media-fallback.ts	19	Function:13,Interface:2,Variable:2,File:1,Module:1
opt-crypto-tuber-ranked.db	78	src/scripts/bootstrap-whop.ts	19	Function:11,Type:5,File:1,Module:1,Variable:1
opt-crypto-tuber-ranked.db	79	src/lib/pipeline-readiness.ts	19	Function:8,Interface:7,File:1,Module:1,Type:1
opt-crypto-tuber-ranked.db	80	netlify.toml	18	Class:10,Variable:6,File:1,Module:1
opt-crypto-tuber-ranked.db	81	.codacy/cli.sh	18	Function:9,Variable:7,File:1,Module:1
opt-crypto-tuber-ranked.db	82	src/scripts/extract-calls-local.ts	18	Function:8,Variable:6,Interface:2,File:1,Module:1
opt-crypto-tuber-ranked.db	83	src/lib/alerts.ts	18	Function:12,Interface:4,File:1,Module:1
opt-crypto-tuber-ranked.db	84	src/lib/alert-jobs.ts	18	Function:12,Interface:4,File:1,Module:1
opt-crypto-tuber-ranked.db	85	src/lib/pipeline-blockers.ts	18	Function:11,Interface:3,Variable:2,File:1,Module:1
opt-crypto-tuber-ranked.db	86	src/lib/shadow-extraction.ts	18	Function:10,Interface:5,File:1,Module:1,Type:1
opt-crypto-tuber-ranked.db	87	src/lib/constants.ts	18	Variable:15,File:1,Module:1,Type:1
opt-crypto-tuber-ranked.db	88	docs/call-score-marketing-strategy.md	17	Section:15,File:1,Module:1
opt-crypto-tuber-ranked.db	89	docs/superpowers/plans/2026-04-29-frontend-component-pass.md	17	Section:15,File:1,Module:1
opt-crypto-tuber-ranked.db	90	src/scripts/hermes-worker.ts	17	Function:10,Variable:4,File:1,Module:1,Interface:1
opt-crypto-tuber-ranked.db	91	src/scripts/audit-symbol-funnel.ts	17	Function:10,Interface:2,Variable:2,File:1,Module:1
opt-crypto-tuber-ranked.db	92	src/scripts/script-helpers.ts	17	Function:9,Interface:3,Variable:3,File:1,Module:1
opt-crypto-tuber-ranked.db	93	src/lib/creator-eligibility-policy.mjs	17	Function:10,Variable:5,File:1,Module:1
opt-crypto-tuber-ranked.db	94	src/lib/creator-stats-eligibility.ts	17	Function:8,Variable:5,File:1,Module:1,Type:1
opt-crypto-tuber-ranked.db	95	src/lib/api-keys.ts	17	Function:10,Interface:4,File:1,Module:1,Variable:1
opt-crypto-tuber-ranked.db	96	docs/superpowers/plans/2026-04-29-frontend-foundation-pass.md	16	Section:14,File:1,Module:1
opt-crypto-tuber-ranked.db	97	docs/ops/whop-auto-certification.md	16	Section:14,File:1,Module:1
opt-crypto-tuber-ranked.db	98	src/scripts/ml-autoresearch.ts	16	Function:8,Interface:4,Variable:2,File:1,Module:1
opt-crypto-tuber-ranked.db	99	src/lib/types.ts	16	Type:7,Interface:7,File:1,Module:1
opt-crypto-tuber-ranked.db	100	src/app/api/cron/weekly/helpers.ts	16	Function:7,Interface:3,Variable:3,File:1,Module:1
srv-agents-repos-Claude_Code_Automations.db	1	art-of-war/state/projection.json	188	Variable:186,File:1,Module:1
srv-agents-repos-Claude_Code_Automations.db	2	agent_workflows/content_creator/workflow.json	164	Variable:162,File:1,Module:1
srv-agents-repos-Claude_Code_Automations.db	3	agent_workflows/linkedin_BD/workflow.json	135	Variable:133,File:1,Module:1
srv-agents-repos-Claude_Code_Automations.db	4	agent_workflows/orchestrator/workflow.json	128	Variable:126,File:1,Module:1
srv-agents-repos-Claude_Code_Automations.db	5	agent_workflows/workflow-schema.json	127	Variable:125,File:1,Module:1
srv-agents-repos-Claude_Code_Automations.db	6	agent_workflows/outlook_BD_via _hubspot/workflow.json	127	Variable:125,File:1,Module:1
srv-agents-repos-Claude_Code_Automations.db	7	agent_workflows/outlook/workflow.json	122	Variable:120,File:1,Module:1
srv-agents-repos-Claude_Code_Automations.db	8	agent_workflows/linkedin/workflow.json	117	Variable:115,File:1,Module:1
srv-agents-repos-Claude_Code_Automations.db	9	docs/marketing/CALLSCORE_ART_OF_WAR_PRD.md	114	Section:112,File:1,Module:1
srv-agents-repos-Claude_Code_Automations.db	10	art-of-war/campaign-loop/callscore-receipts-proof-iteration-1-receipt.json	104	Variable:102,File:1,Module:1
srv-agents-repos-Claude_Code_Automations.db	11	agent_workflows/whop_auto/bin/whop-state-mcp/src/transports/whop-rest.ts	77	Function:46,Interface:25,Type:4,File:1,Module:1
srv-agents-repos-Claude_Code_Automations.db	12	docs/callscore-growth-os/ENTERPRISE_IMPLEMENTATION_PLAN.md	72	Section:70,File:1,Module:1
srv-agents-repos-Claude_Code_Automations.db	13	agent_workflows/whop_auto/bin/whop-state-mcp/src/server.ts	71	Function:62,Variable:4,Type:3,File:1,Module:1
srv-agents-repos-Claude_Code_Automations.db	14	agent_workflows/whop_auto/bin/whop-state-mcp/src/commerce.ts	69	Function:49,Type:8,Variable:8,Interface:2,File:1
srv-agents-repos-Claude_Code_Automations.db	15	workplane/.omx/state/notify-fallback-state.json	69	Variable:67,File:1,Module:1
srv-agents-repos-Claude_Code_Automations.db	16	scripts/art_of_war.py	65	Function:43,Variable:20,File:1,Module:1
srv-agents-repos-Claude_Code_Automations.db	17	Archon/packages/web/src/lib/api.ts	62	Function:37,Interface:14,Type:7,Variable:2,File:1
srv-agents-repos-Claude_Code_Automations.db	18	scripts/state_manager.py	62	Function:47,Variable:13,File:1,Module:1
srv-agents-repos-Claude_Code_Automations.db	19	docs/callscore-growth-os/pmo/PROGRAM_CONTROL_REPORT.json	61	Variable:59,File:1,Module:1
srv-agents-repos-Claude_Code_Automations.db	20	library/task-router/docs/TASK_ROUTER_SUMMARY.md	60	Section:58,File:1,Module:1
srv-agents-repos-Claude_Code_Automations.db	21	Archon/packages/docs-web/src/content/docs/reference/architecture.md	59	Section:57,File:1,Module:1
srv-agents-repos-Claude_Code_Automations.db	22	agent_workflows/whop_auto/bin/whop-state-mcp/test/adopt-reconcile.test.ts	58	Function:55,File:1,Module:1,Variable:1
srv-agents-repos-Claude_Code_Automations.db	23	library/task-router/docs/TASK_ROUTER_GUIDE.md	57	Section:55,File:1,Module:1
srv-agents-repos-Claude_Code_Automations.db	24	docs/callscore-growth-os/launch-batch/drafts/scorecard_5.json	55	Variable:53,File:1,Module:1
srv-agents-repos-Claude_Code_Automations.db	25	docs/callscore-growth-os/launch-batch/drafts/scorecard_3.json	55	Variable:53,File:1,Module:1
srv-agents-repos-Claude_Code_Automations.db	26	docs/callscore-growth-os/launch-batch/drafts/scorecard_1.json	55	Variable:53,File:1,Module:1
srv-agents-repos-Claude_Code_Automations.db	27	docs/callscore-growth-os/launch-batch/drafts/scorecard_4.json	55	Variable:53,File:1,Module:1
srv-agents-repos-Claude_Code_Automations.db	28	docs/callscore-growth-os/launch-batch/drafts/scorecard_2.json	55	Variable:53,File:1,Module:1
srv-agents-repos-Claude_Code_Automations.db	29	Archon/packages/server/src/routes/api.ts	55	Variable:40,Function:10,Type:3,File:1,Module:1
srv-agents-repos-Claude_Code_Automations.db	30	docs/superpowers/specs/2026-04-22-whop-pipeline-plugin-design-rev5.md	54	Section:52,File:1,Module:1
srv-agents-repos-Claude_Code_Automations.db	31	agent_workflows/stakeholder-intel/personas/katerina-minarikova.json	54	Variable:52,File:1,Module:1
srv-agents-repos-Claude_Code_Automations.db	32	agent_workflows/stakeholder-intel/personas/daniel-robinson.json	54	Variable:52,File:1,Module:1
srv-agents-repos-Claude_Code_Automations.db	33	agent_workflows/stakeholder-intel/personas/bryan-mcmorrine.json	54	Variable:52,File:1,Module:1
srv-agents-repos-Claude_Code_Automations.db	34	agent_workflows/stakeholder-intel/personas/ben-burton.json	54	Variable:52,File:1,Module:1
srv-agents-repos-Claude_Code_Automations.db	35	agent_workflows/stakeholder-intel/personas/nikki-dekretser.json	54	Variable:52,File:1,Module:1
srv-agents-repos-Claude_Code_Automations.db	36	agent_workflows/stakeholder-intel/personas/jessica-brown.json	54	Variable:52,File:1,Module:1
srv-agents-repos-Claude_Code_Automations.db	37	agent_workflows/stakeholder-intel/personas/andrea-webb.json	54	Variable:52,File:1,Module:1
srv-agents-repos-Claude_Code_Automations.db	38	agent_workflows/stakeholder-intel/personas/swetha-ramesh.json	54	Variable:52,File:1,Module:1
srv-agents-repos-Claude_Code_Automations.db	39	agent_workflows/stakeholder-intel/personas/pegeman-khorsan.json	54	Variable:52,File:1,Module:1
srv-agents-repos-Claude_Code_Automations.db	40	agent_workflows/stakeholder-intel/personas/folayan-odunaiya.json	54	Variable:52,File:1,Module:1
srv-agents-repos-Claude_Code_Automations.db	41	agent_workflows/stakeholder-intel/personas/valentina-demuro.json	54	Variable:52,File:1,Module:1
srv-agents-repos-Claude_Code_Automations.db	42	agent_workflows/stakeholder-intel/personas/paul-pereirinha.json	54	Variable:52,File:1,Module:1
srv-agents-repos-Claude_Code_Automations.db	43	agent_workflows/stakeholder-intel/personas/marcus-treacher.json	54	Variable:52,File:1,Module:1
srv-agents-repos-Claude_Code_Automations.db	44	agent_workflows/stakeholder-intel/personas/andrew-sen.json	54	Variable:52,File:1,Module:1
srv-agents-repos-Claude_Code_Automations.db	45	agent_workflows/stakeholder-intel/personas/victoria-tyne.json	54	Variable:52,File:1,Module:1
srv-agents-repos-Claude_Code_Automations.db	46	agent_workflows/stakeholder-intel/personas/chris-brown.json	54	Variable:52,File:1,Module:1
srv-agents-repos-Claude_Code_Automations.db	47	agent_workflows/stakeholder-intel/personas/simon-chiu.json	54	Variable:52,File:1,Module:1
srv-agents-repos-Claude_Code_Automations.db	48	agent_workflows/stakeholder-intel/personas/dirk-cavens.json	54	Variable:52,File:1,Module:1
srv-agents-repos-Claude_Code_Automations.db	49	agent_workflows/stakeholder-intel/personas/gary-day.json	54	Variable:52,File:1,Module:1
srv-agents-repos-Claude_Code_Automations.db	50	agent_workflows/stakeholder-intel/personas/mahesh-narayan.json	54	Variable:52,File:1,Module:1
srv-agents-repos-Claude_Code_Automations.db	51	agent_workflows/stakeholder-intel/personas/danila-golovniov.json	54	Variable:52,File:1,Module:1
srv-agents-repos-Claude_Code_Automations.db	52	agent_workflows/stakeholder-intel/personas/felipe-hillard.json	54	Variable:52,File:1,Module:1
srv-agents-repos-Claude_Code_Automations.db	53	Archon/packages/docs-web/src/content/docs/deployment/docker.md	53	Section:51,File:1,Module:1
srv-agents-repos-Claude_Code_Automations.db	54	agent_workflows/autoresearch/tests/test_autodev.py	51	Method:33,Class:11,Function:4,File:1,Module:1
srv-agents-repos-Claude_Code_Automations.db	55	agent_workflows/whop_auto/bin/whop-state-mcp/test/server.test.ts	51	Function:48,File:1,Module:1,Variable:1
srv-agents-repos-Claude_Code_Automations.db	56	Archon/packages/docs-web/src/content/docs/guides/authoring-workflows.md	50	Section:48,File:1,Module:1
srv-agents-repos-Claude_Code_Automations.db	57	library/task-router/docs/INSTALLATION_COMPLETE.md	47	Section:45,File:1,Module:1
srv-agents-repos-Claude_Code_Automations.db	58	Archon/.archon/commands/defaults/archon-implement-issue.md	47	Section:45,File:1,Module:1
srv-agents-repos-Claude_Code_Automations.db	59	art-of-war/live/channels/social_posting/social-posting-live-pilot-approval.json	47	Variable:45,File:1,Module:1
srv-agents-repos-Claude_Code_Automations.db	60	Archon/.archon/commands/defaults/archon-create-plan.md	46	Section:44,File:1,Module:1
srv-agents-repos-Claude_Code_Automations.db	61	Archon/packages/core/src/handlers/command-handler.test.ts	46	Variable:40,Function:4,File:1,Module:1
srv-agents-repos-Claude_Code_Automations.db	62	agent_workflows/whop_auto/bin/whop-state-mcp/src/scaffold.ts	46	Function:30,Type:6,Variable:6,Interface:2,File:1
srv-agents-repos-Claude_Code_Automations.db	63	Archon/packages/cli/src/commands/setup.ts	45	Function:32,Interface:9,File:1,Module:1,Type:1
srv-agents-repos-Claude_Code_Automations.db	64	art-of-war/live/channels/social_posting/social-posting-live-pilot-packet.json	45	Variable:43,File:1,Module:1
srv-agents-repos-Claude_Code_Automations.db	65	Archon/packages/docs-web/src/content/docs/deployment/cloud.md	42	Section:40,File:1,Module:1
srv-agents-repos-Claude_Code_Automations.db	66	agent_workflows/whop_auto/bin/whop-state-mcp/src/deploy.ts	42	Function:27,Type:6,Variable:5,Interface:2,File:1
srv-agents-repos-Claude_Code_Automations.db	67	docs/callscore-growth-os/dispatch/DISPATCH_AUTHORIZATION_MANIFEST.json	41	Variable:39,File:1,Module:1
srv-agents-repos-Claude_Code_Automations.db	68	Archon/.github/prompts/implement-fix.prompt.md	41	Section:39,File:1,Module:1
srv-agents-repos-Claude_Code_Automations.db	69	Archon/.archon/commands/defaults/archon-fix-issue.md	41	Section:39,File:1,Module:1
srv-agents-repos-Claude_Code_Automations.db	70	Archon/packages/core/src/orchestrator/orchestrator.test.ts	41	Variable:34,Function:3,File:1,Module:1,Class:1
srv-agents-repos-Claude_Code_Automations.db	71	agent_workflows/orchestrator/SKILL.md	41	Section:39,File:1,Module:1
srv-agents-repos-Claude_Code_Automations.db	72	library/library.py	41	Function:30,Variable:10,Module:1
srv-agents-repos-Claude_Code_Automations.db	73	Archon/.archon/commands/defaults/archon-resolve-merge-conflicts.md	40	Section:38,File:1,Module:1
srv-agents-repos-Claude_Code_Automations.db	74	art-of-war/fixtures/calls.fixture.json	40	Variable:38,File:1,Module:1
srv-agents-repos-Claude_Code_Automations.db	75	Archon/packages/workflows/src/schemas/dag-node.ts	39	Variable:17,Type:14,Function:6,File:1,Module:1
srv-agents-repos-Claude_Code_Automations.db	76	agent_workflows/10k_followers/phase2_playbook.md	39	Section:37,File:1,Module:1
srv-agents-repos-Claude_Code_Automations.db	77	Archon/.archon/commands/defaults/archon-sync-pr-with-main.md	38	Section:36,File:1,Module:1
srv-agents-repos-Claude_Code_Automations.db	78	Archon/.archon/commands/defaults/archon-implement.md	38	Section:36,File:1,Module:1
srv-agents-repos-Claude_Code_Automations.db	79	Archon/packages/providers/src/claude/provider.ts	38	Function:19,Variable:6,Interface:4,Method:4,Class:2
srv-agents-repos-Claude_Code_Automations.db	80	Archon/packages/docs-web/src/content/docs/reference/configuration.md	38	Section:36,File:1,Module:1
srv-agents-repos-Claude_Code_Automations.db	81	Archon/packages/core/src/db/workflows.ts	38	Function:30,Interface:3,Variable:2,File:1,Module:1
srv-agents-repos-Claude_Code_Automations.db	82	workplane/src/registry/schema.js	38	Function:29,Variable:7,File:1,Module:1
srv-agents-repos-Claude_Code_Automations.db	83	library/task-router/README.md	37	Section:35,File:1,Module:1
srv-agents-repos-Claude_Code_Automations.db	84	Archon/packages/docs-web/src/content/docs/getting-started/overview.md	37	Section:35,File:1,Module:1
srv-agents-repos-Claude_Code_Automations.db	85	Archon/packages/docs-web/src/content/docs/reference/api.md	37	Section:35,File:1,Module:1
srv-agents-repos-Claude_Code_Automations.db	86	agent_workflows/content_creator/SKILL.md	37	Section:35,File:1,Module:1
srv-agents-repos-Claude_Code_Automations.db	87	art-of-war/live/channels/social_posting/social-posting-dry-run-output.json	37	Variable:35,File:1,Module:1
srv-agents-repos-Claude_Code_Automations.db	88	docs/callscore-growth-os/false-cron/FALSE_CRON_REPORT.json	36	Variable:34,File:1,Module:1
srv-agents-repos-Claude_Code_Automations.db	89	Archon/CHANGELOG.md	36	Section:34,File:1,Module:1
srv-agents-repos-Claude_Code_Automations.db	90	Archon/.archon/commands/defaults/archon-investigate-issue.md	36	Section:34,File:1,Module:1
srv-agents-repos-Claude_Code_Automations.db	91	Archon/packages/isolation/src/providers/worktree.ts	36	Method:31,File:1,Module:1,Function:1,Class:1
srv-agents-repos-Claude_Code_Automations.db	92	Archon/.github/prompts/implement.prompt.md	35	Section:33,File:1,Module:1
srv-agents-repos-Claude_Code_Automations.db	93	agent_workflows/whop_auto/bin/whop-state-mcp/test/scaffold.test.ts	35	Function:29,Variable:4,File:1,Module:1
srv-agents-repos-Claude_Code_Automations.db	94	Archon/.archon/commands/defaults/archon-implement-review-fixes.md	34	Section:32,File:1,Module:1
srv-agents-repos-Claude_Code_Automations.db	95	Archon/packages/server/src/routes/api.workflow-runs.test.ts	34	Variable:22,Function:6,Type:2,File:1,Module:1
srv-agents-repos-Claude_Code_Automations.db	96	agent_workflows/whop_auto/bin/whop-state-mcp/src/market.ts	34	Variable:16,Function:9,Interface:6,File:1,Module:1
srv-agents-repos-Claude_Code_Automations.db	97	art-of-war/live/channels/social_posting/social-posting-candidate-queue.json	34	Variable:32,File:1,Module:1
srv-agents-repos-Claude_Code_Automations.db	98	docs/callscore-growth-os/launch-batch/drafts/weekly_digest.json	33	Variable:31,File:1,Module:1
srv-agents-repos-Claude_Code_Automations.db	99	Archon/packages/web/src/lib/types.ts	33	Interface:26,Type:5,File:1,Module:1
srv-agents-repos-Claude_Code_Automations.db	100	Archon/packages/workflows/src/event-emitter.ts	33	Interface:15,Method:7,Function:3,Variable:3,Type:2
srv-whop-auto-plugin.db	1	agent_workflows/whop_auto/bin/whop-state-mcp/src/commerce.ts	92	Function:63,Type:13,Variable:12,Interface:2,File:1
srv-whop-auto-plugin.db	2	agent_workflows/whop_auto/bin/whop-state-mcp/src/transports/whop-rest.ts	78	Function:47,Interface:25,Type:4,File:1,Module:1
srv-whop-auto-plugin.db	3	agent_workflows/whop_auto/bin/whop-state-mcp/src/server.ts	71	Function:62,Variable:4,Type:3,File:1,Module:1
srv-whop-auto-plugin.db	4	agent_workflows/whop_auto/bin/whop-state-mcp/test/adopt-reconcile.test.ts	58	Function:55,File:1,Module:1,Variable:1
srv-whop-auto-plugin.db	5	agent_workflows/whop_auto/bin/whop-state-mcp/src/scaffold.ts	54	Function:35,Type:9,Variable:6,Interface:2,File:1
srv-whop-auto-plugin.db	6	agent_workflows/whop_auto/bin/whop-state-mcp/test/server.test.ts	51	Function:48,File:1,Module:1,Variable:1
srv-whop-auto-plugin.db	7	agent_workflows/whop_auto/bin/whop-state-mcp/src/deploy.ts	42	Function:27,Type:6,Variable:5,Interface:2,File:1
srv-whop-auto-plugin.db	8	agent_workflows/whop_auto/bin/whop-state-mcp/test/scaffold.test.ts	36	Function:30,Variable:4,File:1,Module:1
srv-whop-auto-plugin.db	9	agent_workflows/whop_auto/bin/whop-state-mcp/src/market.ts	34	Variable:16,Function:9,Interface:6,File:1,Module:1
srv-whop-auto-plugin.db	10	agent_workflows/whop_auto/bin/whop-state-mcp/src/skill-plans.ts	34	Function:15,Interface:11,Type:6,File:1,Module:1
srv-whop-auto-plugin.db	11	agent_workflows/whop_auto/bin/whop-state-mcp/test/deploy.test.ts	30	Function:24,Variable:3,File:1,Module:1,Type:1
srv-whop-auto-plugin.db	12	agent_workflows/whop_auto/bin/whop-state-mcp/test/commerce.test.ts	28	Function:22,Variable:4,File:1,Module:1
srv-whop-auto-plugin.db	13	agent_workflows/whop_auto/bin/whop-state-mcp/src/executor.ts	28	Function:9,Method:6,Class:5,Type:4,Interface:2
srv-whop-auto-plugin.db	14	agent_workflows/whop_auto/scripts/render-automation-readme-assets.mjs	27	Function:21,Variable:4,File:1,Module:1
srv-whop-auto-plugin.db	15	agent_workflows/whop_auto/bin/whop-state-mcp/src/status.ts	27	Function:12,Type:7,Class:2,Method:2,Interface:2
srv-whop-auto-plugin.db	16	agent_workflows/whop_auto/bin/whop-state-mcp/src/adopt.ts	25	Function:15,Type:4,Interface:2,Variable:2,File:1
srv-whop-auto-plugin.db	17	agent_workflows/whop_auto/bin/whop-state-mcp/src/tools/events.ts	23	Function:15,Class:2,Method:2,File:1,Module:1
srv-whop-auto-plugin.db	18	agent_workflows/whop_auto/bin/whop-state-mcp/src/transports/vercel-rest.ts	21	Function:14,Interface:5,File:1,Module:1
srv-whop-auto-plugin.db	19	agent_workflows/whop_auto/README.md	20	Section:18,File:1,Module:1
srv-whop-auto-plugin.db	20	agent_workflows/whop_auto/bin/whop-state-mcp/src/schemas.ts	20	Variable:12,Type:6,File:1,Module:1
srv-whop-auto-plugin.db	21	agent_workflows/whop_auto/bin/whop-state-mcp/src/reconcile.ts	19	Function:11,Type:2,Interface:2,Variable:2,File:1
srv-whop-auto-plugin.db	22	agent_workflows/whop_auto/bin/whop-state-mcp/src/tools/keychain.ts	19	Function:8,Class:3,Method:3,Variable:2,File:1
srv-whop-auto-plugin.db	23	agent_workflows/whop_auto/bin/whop-state-mcp/src/tools/manifest.ts	18	Function:8,Class:3,Method:3,File:1,Module:1
srv-whop-auto-plugin.db	24	agent_workflows/whop_auto/bin/whop-state-mcp/test/skill-runner.test.ts	17	Function:12,Variable:3,File:1,Module:1
srv-whop-auto-plugin.db	25	agent_workflows/whop_auto/bin/whop-state-mcp/src/runner.ts	17	Function:7,Type:6,Interface:2,File:1,Module:1
srv-whop-auto-plugin.db	26	agent_workflows/whop_auto/bin/whop-state-mcp/src/runtime.ts	16	Function:10,Interface:4,File:1,Module:1
srv-whop-auto-plugin.db	27	agent_workflows/whop_auto/bin/whop-state-mcp/src/tools/registry.ts	16	Function:8,Class:2,Method:2,Interface:2,File:1
srv-whop-auto-plugin.db	28	agent_workflows/whop_auto/healthcheck.mjs	15	Variable:12,File:1,Module:1,Function:1
srv-whop-auto-plugin.db	29	agent_workflows/whop_auto/scripts/healthcheck.mjs	15	Variable:12,File:1,Module:1,Function:1
srv-whop-auto-plugin.db	30	agent_workflows/whop_auto/automation-app/app-config.json	14	Variable:12,File:1,Module:1
srv-whop-auto-plugin.db	31	agent_workflows/whop_auto/automation-app/hermes-whop-automation.web.js	14	Function:12,File:1,Module:1
srv-whop-auto-plugin.db	32	agent_workflows/whop_auto/scripts/build-automation-app.mjs	12	Variable:10,File:1,Module:1
srv-whop-auto-plugin.db	33	agent_workflows/whop_auto/bin/whop-state-mcp/src/tools/boundary.ts	12	Function:4,Class:2,Method:2,File:1,Module:1
srv-whop-auto-plugin.db	34	agent_workflows/whop_auto/bin/whop-state-mcp/src/boot.ts	11	Function:6,File:1,Module:1,Class:1,Method:1
srv-whop-auto-plugin.db	35	agent_workflows/whop_auto/scripts/upload-automation-app-build.mjs	10	Function:5,Variable:3,File:1,Module:1
srv-whop-auto-plugin.db	36	agent_workflows/whop_auto/bin/whop-state-mcp/src/healthcheck.ts	10	Function:5,Interface:3,File:1,Module:1
srv-whop-auto-plugin.db	37	agent_workflows/whop_auto/.mcp.json	9	Variable:7,File:1,Module:1
srv-whop-auto-plugin.db	38	agent_workflows/whop_auto/scripts/serve-automation-app.mjs	9	Variable:6,File:1,Module:1,Function:1
srv-whop-auto-plugin.db	39	agent_workflows/whop_auto/bin/whop-state-mcp/test/status.test.ts	9	Function:7,File:1,Module:1
srv-whop-auto-plugin.db	40	agent_workflows/whop_auto/bin/whop-state-mcp/src/tools/git.ts	9	Function:7,File:1,Module:1
srv-whop-auto-plugin.db	41	agent_workflows/whop_auto/skills/whop-deploy/SKILL.md	9	Section:7,File:1,Module:1
srv-whop-auto-plugin.db	42	agent_workflows/whop_auto/automation-app/README.md	8	Section:6,File:1,Module:1
srv-whop-auto-plugin.db	43	agent_workflows/whop_auto/bin/whop-state-mcp/test/whop-rest.test.ts	8	Function:6,File:1,Module:1
srv-whop-auto-plugin.db	44	agent_workflows/whop_auto/skills/whop-adopt/SKILL.md	8	Section:6,File:1,Module:1
srv-whop-auto-plugin.db	45	agent_workflows/whop_auto/bin/whop-state-mcp/test/market.test.ts	7	Variable:5,File:1,Module:1
srv-whop-auto-plugin.db	46	agent_workflows/whop_auto/bin/whop-state-mcp/test/runtime.test.ts	7	Function:5,File:1,Module:1
srv-whop-auto-plugin.db	47	agent_workflows/whop_auto/bin/whop-state-mcp/test/runner.test.ts	7	Function:3,File:1,Module:1,Type:1,Variable:1
srv-whop-auto-plugin.db	48	agent_workflows/whop_auto/bin/whop-state-mcp/test/keychain.test.ts	7	Function:5,File:1,Module:1
srv-whop-auto-plugin.db	49	agent_workflows/whop_auto/skills/whop-market/SKILL.md	7	Section:5,File:1,Module:1
srv-whop-auto-plugin.db	50	agent_workflows/whop_auto/agents/adopt-planner.md	6	Section:4,File:1,Module:1
srv-whop-auto-plugin.db	51	agent_workflows/whop_auto/bin/whop-state-mcp/test/vercel-rest.test.ts	6	Function:4,File:1,Module:1
srv-whop-auto-plugin.db	52	agent_workflows/whop_auto/.claude-plugin/plugin.json	6	Variable:4,File:1,Module:1
srv-whop-auto-plugin.db	53	agent_workflows/whop_auto/agents/critic.md	5	Section:3,File:1,Module:1
srv-whop-auto-plugin.db	54	agent_workflows/whop_auto/agents/deploy-planner.md	5	Section:3,File:1,Module:1
srv-whop-auto-plugin.db	55	agent_workflows/whop_auto/bin/whop-state-mcp/test/executor.test.ts	5	Variable:2,File:1,Module:1,Function:1
srv-whop-auto-plugin.db	56	agent_workflows/whop_auto/bin/whop-state-mcp/src/config.ts	5	Function:2,File:1,Module:1,Variable:1
srv-whop-auto-plugin.db	57	agent_workflows/whop_auto/bin/whop-state-mcp/src/tools/codegen.ts	5	Variable:2,File:1,Module:1,Function:1
srv-whop-auto-plugin.db	58	agent_workflows/whop_auto/docker-compose.hetzner.yml	4	Variable:2,File:1,Module:1
srv-whop-auto-plugin.db	59	agent_workflows/whop_auto/bin/whop-state-mcp/test/commerce-plan.test.ts	4	Variable:2,File:1,Module:1
srv-whop-auto-plugin.db	60	agent_workflows/whop_auto/bin/whop-state-mcp/test/boot.test.ts	4	Function:2,File:1,Module:1
srv-whop-auto-plugin.db	61	agent_workflows/whop_auto/bin/whop-state-mcp/test/docs-contract.test.ts	4	File:1,Module:1,Function:1,Variable:1
srv-whop-auto-plugin.db	62	agent_workflows/whop_auto/bin/whop-state-mcp/test/healthcheck.test.ts	4	Function:2,File:1,Module:1
srv-whop-auto-plugin.db	63	agent_workflows/whop_auto/bin/whop-state-mcp/test/consent.test.ts	4	Function:2,File:1,Module:1
srv-whop-auto-plugin.db	64	agent_workflows/whop_auto/bin/whop-state-mcp/test/boundary.test.ts	4	Function:2,File:1,Module:1
srv-whop-auto-plugin.db	65	agent_workflows/whop_auto/bin/whop-state-mcp/test/codegen.test.ts	3	File:1,Module:1,Function:1
srv-whop-auto-plugin.db	66	agent_workflows/whop_auto/bin/whop-state-mcp/test/registry.test.ts	3	File:1,Module:1,Function:1
srv-whop-auto-plugin.db	67	agent_workflows/whop_auto/bin/whop-state-mcp/test/scaffold-plan.test.ts	3	File:1,Module:1,Variable:1
srv-whop-auto-plugin.db	68	agent_workflows/whop_auto/bin/whop-state-mcp/test/events.test.ts	3	File:1,Module:1,Function:1
srv-whop-auto-plugin.db	69	agent_workflows/whop_auto/bin/whop-state-mcp/test/test-loader.ts	3	File:1,Module:1,Function:1
srv-whop-auto-plugin.db	70	agent_workflows/whop_auto/bin/whop-state-mcp/test/manifest.test.ts	3	File:1,Module:1,Function:1
srv-whop-auto-plugin.db	71	agent_workflows/whop_auto/bin/whop-state-mcp/test/integration-compensation-deadline.test.ts	3	File:1,Module:1,Function:1
srv-whop-auto-plugin.db	72	agent_workflows/whop_auto/bin/whop-state-mcp/test/fixtures/adopt-happy-path.ts	3	File:1,Module:1,Variable:1
srv-whop-auto-plugin.db	73	agent_workflows/whop_auto/bin/whop-state-mcp/src/index.ts	3	File:1,Module:1,Function:1
srv-whop-auto-plugin.db	74	agent_workflows/whop_auto/bin/whop-state-mcp/test/integration-adopt-happy.test.ts	2	File:1,Module:1
srv-whop-auto-plugin.db	75	agent_workflows/whop_auto/bin/whop-state-mcp/test/test-loader.test.ts	2	File:1,Module:1
srv-whop-auto-plugin.db	76	agent_workflows/whop_auto/bin/whop-state-mcp/test/state-digest.test.ts	2	File:1,Module:1
srv-whop-auto-plugin.db	77	agent_workflows/whop_auto/bin/whop-state-mcp/test/integration-unknown-outcome.test.ts	2	File:1,Module:1
srv-whop-auto-plugin.db	78	agent_workflows/whop_auto/bin/whop-state-mcp/test/run-tests.ts	2	File:1,Module:1
srv-whop-auto-plugin.db	79	agent_workflows/whop_auto/bin/whop-state-mcp/test/schemas.test.ts	2	File:1,Module:1
srv-whop-auto-plugin.db	80	agent_workflows/whop_auto/bin/whop-state-mcp/src/tools	1	Folder:1
srv-whop-auto-plugin.db	81	agent_workflows/whop_auto/bin/whop-state-mcp/src/transports	1	Folder:1
